{
    "type": "minecraft:crafting_shapeless",
    "category": "equipment",
    "group": "paxels:paxels",
    "ingredients": [
      "minecraft:diamond_axe",
      "minecraft:diamond_shovel",
      "minecraft:diamond_pickaxe"
    ],
    "result": {
      "id": "minecraft:diamond_axe",
      "components": {
        "minecraft:item_name": "{\"translate\":\"paxels.diamond_paxel\",\"fallback\":\"Diamond Paxel\"}",
        "minecraft:custom_model_data": 349580,
        "minecraft:custom_data": "{paxels:{is_paxel:true, type:\"diamond\"}}",
        "minecraft:tool": {
          "rules": [
            {
              "blocks": "#minecraft:incorrect_for_diamond_tool",
              "correct_for_drops": false
            },
            {
              "blocks": "#minecraft:mineable/axe",
              "speed": 8.0,
              "correct_for_drops": true
            },
            {
              "blocks": "#minecraft:mineable/pickaxe",
              "speed": 8.0,
              "correct_for_drops": true
            },
            {
              "blocks": "#minecraft:mineable/shovel",
              "speed": 8.0,
              "correct_for_drops": true
            }
          ]
        }
      }
    }
  }
  